<?xml version="1.0" encoding="UTF-8" standalone="no" ?>
<application xmlns="http://ns.adobe.com/air/application/3.2">
  <id>plabs</id>
  <versionNumber>1.0.0</versionNumber>
  <versionLabel/>
  <filename>plabs</filename>
  <description/>
<!-- To localize the description, use the following format for the description element.<description><text xml:lang="en">English App description goes here</text><text xml:lang="fr">French App description goes here</text><text xml:lang="ja">Japanese App description goes here</text></description>-->
  <name>plabs</name>
<!-- To localize the name, use the following format for the name element.<name><text xml:lang="en">English App name goes here</text><text xml:lang="fr">French App name goes here</text><text xml:lang="ja">Japanese App name goes here</text></name>-->
  <copyright/>
  <initialWindow>
    <content>plabs.swf</content>
    <systemChrome>standard</systemChrome>
    <transparent>false</transparent>
    <visible>true</visible>
    <fullScreen>true</fullScreen>
    <aspectRatio>portrait</aspectRatio>
    <renderMode>cpu</renderMode>
    <autoOrients>false</autoOrients></initialWindow>
  <icon/>
  <customUpdateUI>false</customUpdateUI>
  <allowBrowserInvocation>false</allowBrowserInvocation>
  <android>
    <manifestAdditions>
      <![CDATA[<manifest>
<uses-permission android:name="android.permission.INTERNET"/>
<uses-permission android:name="android.permission.WRITE_EXTERNAL_STORAGE"/>
<uses-permission android:name="android.permission.READ_PHONE_STATE"/>
<uses-permission android:name="android.permission.ACCESS_NETWORK_STATE"/>
<uses-permission android:name="android.permission.ACCESS_WIFI_STATE"/>
</manifest>]]>
    </manifestAdditions>
  </android>
  <supportedLanguages>en</supportedLanguages>
</application>
