date,nickname,email_address,rating,messages
2020112522,kikiprasetyo,kiki@gmail.com,9,mantab mas
2020112609,kikiprasetyo,kiki@gmail.com,9,mantab mas
2020112609,kikiprasetyo,kiki@gmail.com,9,mantab mas
2020112609,kikiprasetyo,kiki@gmail.com,9,mantab mas
2020112623,kikiprasetyo,kiki@gmail.com,9,mantab mas
2020112623,kikiprasetyo,kiki@gmail.com,9,mantab mas
2020112623,kikipraetyo,kiki@gmail.com,9,mantab mas
2020112623,kikipraetyo,kii@gmail.com,9,mantab mas
2020112623,kikiprasetyo,kiki@gmail.com,9,mantab mas
2020112623,kikipsetyo,kiki@gmail.com,9,mantab mas
2020112623,kikipsetyo,kiki@gmail.com,9,mantab mas
2020112623,kikipsetyo,kiki@gmail.com,9,mantab
2020120222,kikiprasetyo,kiki@gmail.com,9,mantab mas
2020120222,kikiprasetyo,alfariqyraihan@gmail.com,9,mantab mas
2020120222,kikiprastyo,alfariqyraihan@gmail.com,1,mantab mas
2020120222,kikiprastyo,alfariqyraihan@gmail.com,3,mantab mas
2020120222,kikiprastyo,alfariqyraihan@gmail.com,3,mantab mas
2020120222,kikiprastyo,alfariqyraihan@gmail.com,3,mantab mas
2020120222,kikiprastyo,alfariqyraihan@gmail.com,3,mantab mas
2020120222,kikiprastyo,alfariqyraihan@gmail.com,3,mantab mas
2020120222,al-fariqy,alfariqyraihan@gmail.com,3,mantab mas
2020121001,a,a,1,a
2020121002,a,a,1,a
2020121002,a,a,1,a
2020121002,a,a,1,a
2020121002,kikiprasetyo,kiki@gmail.com,9,mantab mas
2020121002,a,a,1,a
2020121002,kikiprasetyo,kiki@gmail.com,9,mantab mas
2020121002,a,alfariqyraihan@gmail.com,1,a
2020121002,a,alfariqyraihan@gmail.com,1,a
2020121003,a,alfariqyraihan@gmail.com,1,a
2020121009,abam,alfariqyraihan@gmail.com,1,jelek bang
2020121009,abam,alfariqyraihan@gmail.com,1,jelek bang
2020121013,p,alfariqyraihan@gmail.com,5,p
2020121013,p,alfariqyraihan@gmail.com,5,q
2020121013,aa,alfariqyraihan@gmail.com,60,p
2020121013,aa,alfariqyraihan@gmail.com,60,p
2020121013,aa,alfariqyraihan@gmail.com,60,p
2020121014,PANTEK,alfariqyraihan@gmail.com,100,p
2020121014,panjul,alfariqyraihan@gmail.com,20,p
2020121014,p,alfariqyraihan@gmail.com,100,p
2020121014,p,alfariqyraihan@gmail.com,100,p
2020121014,p,alfariqyraihan@gmail.com,100,p
2020121014,aa,alfariqyraihan@gmail.com,100,p
2020121014,ismail amin,alfariqyraihan@gmail.com,80,p
2020121014,danu dirja,alfariqyraihan@gmail.com,60,"manteb mas, tapi lebih baik dikembangkan lagi ; )"
2020121118,qywok,alfariqyraihan@gmail.com,80,mantab mas
2020121118,isi disini....,belajarkoding.js@gmail.com,80,isi disini
2020121118,isi disini,belajarkoding.js@gmail.com,80,isi disini
2020121118,qywok,belajarkoding.js@gmail.com,100,perlu perbaikan
2020121300,p,alfariqyraihan@gmail.com,1,p
